{
  "simulation_info": {
    "num_ticks": 500,
    "num_households": 10000,
    "num_firms_initial": 18,
    "num_firms_final": 18,
    "total_simulation_time_seconds": 724.6571950912476,
    "average_tick_time_seconds": 1.4223361263275147
  },
  "final_state": {
    "tick": 499,
    "unemployment_rate": 0.6516,
    "mean_wage": 54.30041481529829,
    "median_wage": 43.67785817085399,
    "mean_household_cash": 77.40167049503908,
    "median_household_cash": 71.42857142857143,
    "mean_happiness": 0.3402008249999999,
    "mean_morale": 0.03647800000000001,
    "mean_health": 1.0,
    "government_cash": -92289508.18144792,
    "total_firm_cash": 139769503.20921677
  },
  "database_stats": {
    "households_rows": 510000,
    "firms_rows": 1274,
    "government_rows": 51
  },
  "time_series_sample": {
    "ticks": [
      0,
      100,
      200,
      300,
      400,
      499
    ],
    "unemployment_rate": [
      0.9937,
      0.9336,
      0.8576,
      0.7781,
      0.7191000000000001,
      0.6516
    ],
    "mean_wage": [
      63.26583142857144,
      193.3757492807029,
      148.10832826040166,
      79.95855392160784,
      61.80601945709048,
      54.30041481529829
    ],
    "mean_happiness": [
      0.643485,
      0.0664441999999997,
      0.14858757499999894,
      0.22558242499999898,
      0.2874949999999993,
      0.3402008249999999
    ]
  }
}