{
  "simulation_info": {
    "num_ticks": 50,
    "num_households": 10000,
    "num_firms_initial": 33,
    "num_firms_final": 33,
    "total_simulation_time_seconds": 87.60686993598938,
    "average_tick_time_seconds": 1.7107282590866089
  },
  "final_state": {
    "tick": 49,
    "unemployment_rate": 0.9537,
    "mean_wage": 93.44914930571149,
    "median_wage": 83.68084719297731,
    "mean_household_cash": 252.18102099551953,
    "median_household_cash": 218.45075486597358,
    "mean_happiness": 0.022898574999999744,
    "mean_morale": 0.015417600007584579,
    "mean_health": 0.18425856500000434,
    "government_cash": 17671565.908352714,
    "total_firm_cash": 52119123.881692216
  },
  "database_stats": {
    "households_rows": 60000,
    "firms_rows": 198,
    "government_rows": 6
  },
  "time_series_sample": {
    "ticks": [
      0
    ],
    "unemployment_rate": [
      0.9973
    ],
    "mean_wage": [
      78.70380722222224
    ],
    "mean_happiness": [
      0.6432850000001024
    ]
  }
}