{
  "simulation_info": {
    "num_ticks": 200,
    "num_households": 10000,
    "num_firms_initial": 33,
    "num_firms_final": 33,
    "total_simulation_time_seconds": 88.305340051651,
    "average_tick_time_seconds": 1.7330651378631592
  },
  "final_state": {
    "tick": 49,
    "unemployment_rate": 0.9463,
    "mean_wage": 91.58971222520967,
    "median_wage": 83.0001522229388,
    "mean_household_cash": 249.87640380282738,
    "median_household_cash": 214.89108404259025,
    "mean_happiness": 0.02523379999999972,
    "mean_morale": 0.02108200000000002,
    "mean_health": 0.1997445300000021,
    "government_cash": 17738653.911100373,
    "total_firm_cash": 52075082.050871484
  },
  "database_stats": {
    "households_rows": 60000,
    "firms_rows": 198,
    "government_rows": 6
  },
  "time_series_sample": {
    "ticks": [
      0
    ],
    "unemployment_rate": [
      0.9955
    ],
    "mean_wage": [
      70.86554716666666
    ],
    "mean_happiness": [
      0.6433750000001011
    ]
  }
}