{
  "simulation_info": {
    "num_ticks": 200,
    "num_households": 10000,
    "num_firms_initial": 29,
    "num_firms_final": 29,
    "total_simulation_time_seconds": 492.0296058654785,
    "average_tick_time_seconds": 2.4166302037239076
  },
  "final_state": {
    "tick": 199,
    "unemployment_rate": 0.7677,
    "mean_wage": 124.50934441804704,
    "median_wage": 93.1099594787444,
    "mean_household_cash": 151.95409185403838,
    "median_household_cash": 108.06012441763042,
    "mean_happiness": 0.2315024499999997,
    "mean_morale": 0.14240403924145997,
    "mean_health": 1.0,
    "government_cash": -24754122.948398083,
    "total_firm_cash": 95591294.6037142
  },
  "database_stats": {
    "households_rows": 210000,
    "firms_rows": 672,
    "government_rows": 21
  },
  "time_series_sample": {
    "ticks": [
      0,
      100,
      199
    ],
    "unemployment_rate": [
      0.9955,
      0.8818,
      0.7677
    ],
    "mean_wage": [
      70.86554716666666,
      148.90877811084866,
      124.50934441804704
    ],
    "mean_happiness": [
      0.648066,
      0.10627789999999981,
      0.2315024499999997
    ]
  }
}